দিন	কোর্স	বিষয়	লেকচার	বিএসসি ইন নার্সিং	লেকচার	ডিপ্লোমা ইন নার্সিং	মোটিভেশনাল লাইন																			
Day-01	বেসিক ট এডভান্স	বাংলা	বাংলা-১	"বাংলা সাহিত্য, প্রতিদান
 পদ্মা, বৃষ্টি"	বাংলা-১	"বাংলা সাহিত্য, প্রতিদান
 পদ্মা, বৃষ্টি"	​"আজকের এই শুরুটা যেন শেষ দিন পর্যন্ত টিকে থাকে। সাদা এপ্রোনের স্বপ্নটা তোমার, সংগ্রামটাও তোমাকেই করতে হবে।"																			
Day-02	বেসিক ট এডভান্স	ইংরেজি	ইংরেজি-১	"Parts of Speech
Synonym & Antonym"	ইংরেজি-১	"Parts of Speech
Synonym & Antonym"	​"পিছপা হওয়ার কোনো সুযোগ নেই; তোমার আজকের এই পরিশ্রম কাল তোমার পরিচয় বদলে দেবে।"																			
Day-03	বেসিক ট এডভান্স	সাধারন জ্ঞান	সাধারন জ্ঞান-১	বাংলাদেশে পরিচিত	সাধারন জ্ঞান-১	বাংলাদেশে পরিচিত	​"১টা দিন পার হলো মানে তুমি তোমার স্বপ্নের ১ কদম কাছে চলে এলে। আজকের পড়া কি শেষ করেছো?"																			
Day-04	বেসিক ট এডভান্স	সাধারন গণিত	সাধারন গণিত-১	বাস্তব সংখ্যা এবং ভগ্নাংশ 	সাধারন গণিত-১	বাস্তব সংখ্যা এবং ভগ্নাংশ 	​"মেডিকেলের ওই সাদা এপ্রোনটা শুধু একটা পোশাক নয়, ওটা তোমার না-ঘুমানো রাতগুলোর শ্রেষ্ঠ পুরস্কার।"																			
Day-05	বেসিক ট এডভান্স	বিজ্ঞান	পদার্থবিজ্ঞান-১	ভৌত জগত ও পরিমাপ এবং ভেক্টর	পদার্থবিজ্ঞান-১	ভৌত রাশি এবং পরিমাপ	​"মাঝপথে ছেড়ে দেওয়ার জন্য তুমি এই যুদ্ধ শুরু করোনি। আজকের সংগ্রাম কালকের সফলতা।"																			
Day-06	বেসিক ট এডভান্স	বাংলা	বাংলা-২	"বাংলা ভাষা ও ব্যাকরণ
বাঙ্গালার নব্য লেখকদের প্রতি নিবেদন, আহ্বান"	বাংলা-২	"বাংলা ভাষা ও ব্যাকরণ
বাঙ্গালার নব্য লেখকদের প্রতি নিবেদন, আহ্বান"	​"যেখানে অনেকেই হাল ছেড়ে দেয়, সেখান থেকেই তোমার আসল জয়যাত্রা শুরু হবে।"																			
Day-07	বেসিক ট এডভান্স	ইংরেজি	ইংরেজি-২	Details of Noun & Determiner	ইংরেজি-২	Details of Noun & Determiner	​"কষ্ট হচ্ছে? ক্লান্ত লাগছে? মনে রেখো, সাফল্যের রাস্তা কখনো মসৃণ হয় না। একটু বিশ্রাম নাও, কিন্তু থেমো না।"																			
Day-08	বেসিক ট এডভান্স	সাধারন জ্ঞান	সাধারন জ্ঞান-২	প্রাচীন বাংলার ইতিহাস	সাধারন জ্ঞান-২	প্রাচীন বাংলার ইতিহাস	​"আজকের যে পড়াটা তোমার কাছে সবচেয়ে কঠিন মনে হচ্ছে, পরীক্ষার হলে সেটাই তোমার মেরিট পজিশন ঠিক করে দেবে।"																			
Day-09	বেসিক ট এডভান্স	বিজ্ঞান	রসায়ন-১	 ল্যাবরেটরির নিরাপদ ব্যবহার ও গুণগত রসায়ন	রসায়ন-১	রসায়নের ধারনা 	​"ты (তুমি) কি জানো, যখন তুমি ঘুমাচ্ছ বা সময় নষ্ট করছ, তখন অন্য কেউ তোমার সিটটা দখলের জন্য পড়ছে?"																			
Day-10	বেসিক ট এডভান্স	বিজ্ঞান	জীববিজ্ঞান-১	কোষ ও এর গঠন, কোষ বিভাজন 	জীববিজ্ঞান-১	জীবন পাঠ, জীবকোষ ও টিস্যু	​"সংগ্রাম যত কঠিন হবে, বিজয়ের হাসি ততটাই তৃপ্তির হবে। হাল ছেড়ো না!"																			
Day-11	বেসিক ট এডভান্স	বাংলা	বাংলা-৩	"অপরিচিতা, সোনারতরী 
আম আটির ডেপু"	বাংলা-৩	"অপরিচিতা, সোনারতরী 
আম আটির ডেপু"	​"নিজের সেরাটা দিয়ে যাও। জাতীয় মেধাতালিকায় ওপরের দিকে নিজের নামটা দেখার অনুভূতির কাছে এই কষ্ট কিছুই না।"																			
Day-12	বেসিক ট এডভান্স	ইংরেজি	ইংরেজি-৩	Number & Gender	ইংরেজি-৩	Number & Gender	​"ভুল থেকে শেখো। আজকের মডেল টেস্টের ভুলগুলোই কালকের চূড়ান্ত পরীক্ষায় তোমাকে বাঁচিয়ে দেবে।"																			
Day-13	বেসিক ট এডভান্স	সাধারন জ্ঞান	সাধারন জ্ঞান-৩	"জাতীয় ও আন্তর্জাতিক বিষয়াবলি, দিবস
সরকার ও সংবিধান, আইনসভা, অর্থনীতি ও বাজেট  "	সাধারন জ্ঞান-৩	"জাতীয় ও আন্তর্জাতিক বিষয়াবলি, দিবস
সরকার ও সংবিধান, আইনসভা, অর্থনীতি ও বাজেট  "	​"একবার চোখ বন্ধ করে ভাবো তো, যেদিন রেজাল্ট বের হবে, সেদিন তোমার বাবা-মায়ের মুখের হাসিটা কতটা সুন্দর হবে!"																			
Day-14	বেসিক ট এডভান্স	সাধারন গণিত	সাধারন গণিত-২	লসাগু গসাগু ও ঐকিক নিয়ম	সাধারন গণিত-২	লসাগু গসাগু ও ঐকিক নিয়ম	​"বাবা-মায়ের সেই গর্বিত মুখটা দেখার জন্য হলেও আজকের দিনটা কাজে লাগাও। তারা তোমার দিকেই তাকিয়ে আছে।"																			
Day-15	বেসিক ট এডভান্স	বিজ্ঞান	পদার্থবিজ্ঞান-২	গতিবিদ্যা, তরঙ্গ	পদার্থবিজ্ঞান-২	গতি	​"তোমার এই নিরলস পরিশ্রমের প্রতিটি ফোঁটা ঘাম তোমার পরিবারের দিনবদলের গল্প লিখছে।"																			
Day-16	বেসিক ট এডভান্স	বাংলা	বাংলা-৪	"ধ্বনির পরিবর্তন, সন্ধি
সাহিত্য খেলা, বই পড়া "	বাংলা-৪	"ধ্বনির পরিবর্তন, সন্ধি
সাহিত্য খেলা, বই পড়া "	​"দিনশেষে তুমি যখন নার্সিং কলেজে চান্স পাবে, তোমার চেয়ে বেশি খুশি আর কেউ হবে না, তোমার বাবা-মা ছাড়া।"																			
Day-17	বেসিক ট এডভান্স	ইংরেজি	ইংরেজি-৪	"Pronoun & Antecedent
Preposition"	ইংরেজি-৪	"Pronoun & Antecedent
Preposition"	​"বাবা-মায়ের মুখে হাসি ফেরাতে তোমাকে ফিরতেই হবে, এবং সেটা বিজয়ী বেশেই!"																			
Day-18	বেসিক ট এডভান্স	সাধারন জ্ঞান	সাধারন জ্ঞান-৪	বাংলাদেশের শ্রেষ্ঠ, দীর্ঘতম, ক্ষুদ্রতম, উচ্চতম, গভীরতম	সাধারন জ্ঞান-৪	বাংলাদেশের শ্রেষ্ঠ, দীর্ঘতম, ক্ষুদ্রতম, উচ্চতম, গভীরতম	​"আর মাত্র কয়েকটি দিন। এতদিন যে সংগ্রাম করেছো, তাকে বৃথা যেতে দিও না। রিভিশন চালিয়ে যাও।"																			
Day-19	বেসিক ট এডভান্স	বিজ্ঞান	রসায়ন-২	গুনগত রসায়ন (বাকি অংশ)	রসায়ন-২	পদার্থের অবস্থা ও পদার্থের  গঠন 	​"ভয় পেয়ো না। তোমার প্রস্তুতি ভালো, তোমার পরিশ্রম সৎ। নিজের ওপর বিশ্বাস রাখো।"																			
Day-20	বেসিক ট এডভান্স	বিজ্ঞান	জীববিজ্ঞান-২	শৈবাল ও ছত্রাক, অনুজীব	জীববিজ্ঞান-২	কোষ বিভাজন, জীবনীশক্তি	​"এখন নতুন কিছু পড়ার চেয়ে, যা পড়েছো তা বারবার ঝালাই করার সময়। তুমি পারবে!"																			
Day-21	বেসিক ট এডভান্স	বাংলা	বাংলা-৫	"পুরুষ ও স্ত্রী বাচক শব্দ , বচন, সমাস
গন্তব্য কাবুল, প্রবাস বন্ধু"	বাংলা-৫	"পুরুষ ও স্ত্রী বাচক শব্দ , বচন, সমাস
গন্তব্য কাবুল, প্রবাস বন্ধু"	​"প্রতিটি সেকেন্ড এখন মহামূল্যবান। সামাজিক যোগাযোগ মাধ্যম বা আড্ডা—সবকিছু বাদ দিয়ে শুধু নিজের লক্ষ্যে ফোকাস করো।"																			
Day-22	বেসিক ট এডভান্স	ইংরেজি	ইংরেজি-৫	Adjective	ইংরেজি-৫	Adjective	​"নার্সিং ভর্তি পরীক্ষার প্রশ্ন তোমার এই ১৫০ দিনের পরিশ্রমের কাছে হার মানতে বাধ্য।"																			
Day-23	বেসিক ট এডভান্স	সাধারন জ্ঞান	সাধারন জ্ঞান-৫	বাংলাদেশের নদ-নদী এবং হাওড়-বিল, হ্রদ ও সমুদ্র	সাধারন জ্ঞান-৫	বাংলাদেশের নদ-নদী এবং হাওড়-বিল, হ্রদ ও সমুদ্র	​"তুমি প্রস্তুত। তোমার দীর্ঘদিনের সংগ্রাম এখন শুধু একটা চূড়ান্ত পরীক্ষার অপেক্ষায়।"																			
Day-24	বেসিক ট এডভান্স	সাধারন গণিত	সাধারন গণিত-৩	শতকরা, অনুপাত ও সমানুপাত এবং গড়	সাধারন গণিত-৩	শতকরা, অনুপাত ও সমানুপাত এবং গড়	​"মাথা ঠান্ডা রাখো, শরীর সুস্থ রাখো। তুমি তোমার সেরা প্রস্তুতিটাই নিয়েছো।"																			
Day-25	বেসিক ট এডভান্স	বিজ্ঞান	পদার্থবিজ্ঞান-৩	নিউটনীয় বলবিদ্যা	পদার্থবিজ্ঞান-৩	বল, তরঙ্গ ও শব্দ	​"কোনো দ্বিধা বা ভয় নয়, পরীক্ষার হলে ঢুকবে একজন বিজয়ী হিসেবে। তোমার জয় নিশ্চিত।"																			
Day-26	বেসিক ট এডভান্স	বাংলা	বাংলা-৬	"আমার পথ, বিদ্রোহী
সুভা, অর্ধাঙ্গী"	বাংলা-৬	"আমার পথ, বিদ্রোহী
সুভা, অর্ধাঙ্গী"	​"এই ১৫০ দিনের প্রতিটি মুহূর্ত তুমি নিজের স্বপ্নের জন্য লড়েছো। তুমি চ্যাম্পিয়ন!"																			
Day-27	বেসিক ট এডভান্স	ইংরেজি	ইংরেজি-৬	"Degree of Comparison
Spelling"	ইংরেজি-৬	"Degree of Comparison
Spelling"	​"আগামীকাল তোমার নিজেকে প্রমাণের দিন। দীর্ঘ সংগ্রামের পর এবার সাদা এপ্রোন গায়ে জড়ানোর পালা!"																			
Day-28	বেসিক ট এডভান্স	সাধারন জ্ঞান	সাধারন জ্ঞান-৬	বৈশ্বিক ইতিহাস	সাধারন জ্ঞান-৬	বৈশ্বিক ইতিহাস																				
Day-29	বেসিক ট এডভান্স	বিজ্ঞান	রসায়ন-৩	মৌলের পর্যায়বৃত্ত ধর্ম ও রাসায়নিক বন্ধন 	রসায়ন-৩	মোলের ধারনা ও রাসায়নিক গণনা  																				
Day-30	বেসিক ট এডভান্স	বিজ্ঞান	জীববিজ্ঞান-৩	"প্রাণীর বিভিন্নতা ও শ্রেণীবিন্যাস, 
প্রাণী পরিচিতি "	জীববিজ্ঞান-৩	গ্যাসীয় বিনিময়																				
Day-31	বেসিক ট এডভান্স	বাংলা	বাংলা-৭	"উপসর্গ,অনুসর্গ, কারক ও বিভক্তি
উমর ফারুক, যৌবনের গান"	বাংলা-৭	"উপসর্গ,অনুসর্গ, কারক ও বিভক্তি
উমর ফারুক, যৌবনের গান"																				
Day-32	বেসিক ট এডভান্স	ইংরেজি	ইংরেজি-৭	Adverb & Article	ইংরেজি-৭	Adverb & Article																				
Day-33	বেসিক ট এডভান্স	সাধারন জ্ঞান	সাধারন জ্ঞান-৭	ভাষা আন্দোলন, ১৯৬৯ এর গণঅভ্যুথ্যান 	সাধারন জ্ঞান-৭	ভাষা আন্দোলন, ১৯৬৯ এর গণঅভ্যুথ্যান 																				
Day-34	বেসিক ট এডভান্স	সাধারন গণিত	সাধারন গণিত-৪	লাভ ক্ষতি ও মুনাফা	সাধারন গণিত-৪	লাভ ক্ষতি ও মুনাফা																				
Day-35	বেসিক ট এডভান্স	বিজ্ঞান	পদার্থবিজ্ঞান-৪	কাজ ক্ষমতা শক্তি ও মহাকর্ষ অভিকর্ষ	পদার্থবিজ্ঞান-৪	কাজ, ক্ষমতা ও শক্তি																				
Day-36	বেসিক ট এডভান্স	বাংলা	বাংলা-৮	"বিলাসী, মাসি-পিসি, বায়ান্নর দিনগুলো
জীবন বৃক্ষ, শিক্ষা ও মানুষ্যত্ব, অভাগীর স্বর্গ"	বাংলা-৮	"বিলাসী, মাসি-পিসি, বায়ান্নর দিনগুলো
জীবন বৃক্ষ, শিক্ষা ও মানুষ্যত্ব, অভাগীর স্বর্গ"																				
Day-37	বেসিক ট এডভান্স	ইংরেজি	ইংরেজি-৮	"Details of Verb
Group Verb"	ইংরেজি-৮	"Details of Verb
Group Verb"																				
Day-38	বেসিক ট এডভান্স	সাধারন জ্ঞান	সাধারন জ্ঞান-৮	 মহান মুক্তিযুদ্ধ	সাধারন জ্ঞান-৮	 মহান মুক্তিযুদ্ধ																				
Day-39	বেসিক ট এডভান্স	বিজ্ঞান	রসায়ন-৪	রাসায়নিক পরিবর্তন 	রসায়ন-৪	রসায়ন ও শক্তি 																				
Day-40	বেসিক ট এডভান্স	বিজ্ঞান	জীববিজ্ঞান-৪	পরিপাক ও শোষণ, চলন ও অঙ্গচালনা	জীববিজ্ঞান-৪	খাদ্য, পুষ্টি এবং পরিপাক																				
Day-41	বেসিক ট এডভান্স	বাংলা	বাংলা-৯	"ণ-ত্ব বিধান, ষ-ত্ব বিধান, শব্দ
নেকলেস, নিম গাছ "	বাংলা-৯	"ণ-ত্ব বিধান, ষ-ত্ব বিধান, শব্দ
নেকলেস, নিম গাছ "																				
Day-42	বেসিক ট এডভান্স	ইংরেজি	ইংরেজি-৯	"Conditional Sentence
One Word Submission"	ইংরেজি-৯	"Conditional Sentence
One Word Submission"																				
Day-43	বেসিক ট এডভান্স	সাধারন জ্ঞান	সাধারন জ্ঞান-৯	মুক্তিযুদ্ধ পরবর্তী ঘটনাপ্রবাহ ও জুলাই আন্দোলন	সাধারন জ্ঞান-৯	মুক্তিযুদ্ধ পরবর্তী ঘটনাপ্রবাহ ও জুলাই আন্দোলন																				
Day-44	বেসিক ট এডভান্স	সাধারন গণিত	সাধারন গণিত-৫	সমান্তর ও গুনাত্তর ধারা	সাধারন গণিত-৫	সমান্তর ও গুনাত্তর ধারা																				
Day-45	বেসিক ট এডভান্স	বিজ্ঞান	পদার্থবিজ্ঞান-৫	পদার্থের গাঠনিক ধর্ম ও পর্যায়বৃত্ত গতি	পদার্থবিজ্ঞান-৫	পদার্থের অবস্থা ও চাপ																				
Day-46	বেসিক ট এডভান্স	বাংলা	বাংলা-১০	"পদ প্রকরণ 
বিভীষণের প্রতি মেঘনাদ, কপোতাক্ষ নদ "	বাংলা-১০	"পদ প্রকরণ 
বিভীষণের প্রতি মেঘনাদ, কপোতাক্ষ নদ "																				
Day-47	বেসিক ট এডভান্স	ইংরেজি	ইংরেজি-১০	Completing Sentence & Conjunction	ইংরেজি-১০	Completing Sentence & Conjunction																				
Day-48	বেসিক ট এডভান্স	সাধারন জ্ঞান	সাধারন জ্ঞান-১০	যুদ্ধ বিপ্লব , আঞ্চলিক জোট	সাধারন জ্ঞান-১০	যুদ্ধ বিপ্লব , আঞ্চলিক জোট																				
Day-49	বেসিক ট এডভান্স	বিজ্ঞান	রসায়ন-৫	কর্মমুখী রসায়ন + অর্থনৈতিক রসায়ন 	রসায়ন-৫	খনিজ সম্পদ: ধাতু-অধাতু																				
Day-50	বেসিক ট এডভান্স	বিজ্ঞান	জীববিজ্ঞান-৫	রক্ত ও সংবহন, শ্বসন ও শ্বাসক্রিয়া 	জীববিজ্ঞান-৫	দৃঢ়তা প্রদান ও চলন																				
Day-51	বেসিক ট এডভান্স	বাংলা	বাংলা-১১	"তাহারেই পড়ে মনে, আঠারো বছর বয়স
ক্রিয়া কাল "	বাংলা-১১	"তাহারেই পড়ে মনে, আঠারো বছর বয়স
ক্রিয়া কাল "																				
Day-52	বেসিক ট এডভান্স	ইংরেজি	ইংরেজি-১১	"Details Of Tense
Embedded Questions"	ইংরেজি-১১	"Details Of Tense
Embedded Questions"																				
Day-53	বেসিক ট এডভান্স	সাধারন জ্ঞান	সাধারন জ্ঞান-১১	জাতিপুঞ্জ, জাতিসংঘ ও অন্যান্য সংস্থা ও সদর দপ্তর 	সাধারন জ্ঞান-১১	জাতিপুঞ্জ, জাতিসংঘ ও অন্যান্য সংস্থা ও সদর দপ্তর 																				
Day-54	বেসিক ট এডভান্স	সাধারন গণিত	সাধারন গণিত-৬	সমীকরন ও বীজগানিতিক সূত্রাবলি	সাধারন গণিত-৬	সমীকরন ও বীজগানিতিক সূত্রাবলি																				
Day-55	বেসিক ট এডভান্স	বিজ্ঞান	পদার্থবিজ্ঞান-৬	আদর্শ গ্যাস ও তাপগতিবিদ্যা	পদার্থবিজ্ঞান-৬	বস্তুর ওপর তাপের প্রভাব																				
Day-56	বেসিক ট এডভান্স	বাংলা	বাংলা-১২	"বাক্য ও বাক্যের প্রকরণ, যতিচিহ্ন
ঋতু বর্নন,  মমতাদি"	বাংলা-১২	"বাক্য ও বাক্যের প্রকরণ, যতিচিহ্ন
ঋতু বর্নন,  মমতাদি"																				
Day-57	বেসিক ট এডভান্স	ইংরেজি	ইংরেজি-১২	"Narration
Dangling Modifier"	ইংরেজি-১২	"Narration
Dangling Modifier"																				
Day-58	বেসিক ট এডভান্স	সাধারন জ্ঞান	সাধারন জ্ঞান-১২	বিশ্বের আইনসভ , সরকার ব্যবস্থ , রাজধানী, পার্লামেন্ট	সাধারন জ্ঞান-১২	বিশ্বের আইনসভ , সরকার ব্যবস্থ , রাজধানী, পার্লামেন্ট																				
Day-59	বেসিক ট এডভান্স	বিজ্ঞান	রসায়ন-৬	পরিবেশ রসায়ন 	রসায়ন-৬	খনিজ সম্পদ: জীবাশ্ম																				
Day-60	বেসিক ট এডভান্স	বিজ্ঞান	জীববিজ্ঞান-৬	"নগ্নবীজী ও আবৃতবীজী, ব্রায়োফাইটা ও 
টেরিডোফাইটা, জীব প্রযুক্তি "	জীববিজ্ঞান-৬	জীবে পরিবহণ																				
Day-61	বেসিক ট এডভান্স	বাংলা	বাংলা-১৩	"ধাতু, প্রকৃতি-প্রত্যয় 
প্র্রত্যাবর্তনের লজ্জা, বোশেখ "	বাংলা-১৩	"ধাতু, প্রকৃতি-প্রত্যয় 
প্র্রত্যাবর্তনের লজ্জা, বোশেখ "																				
Day-62	বেসিক ট এডভান্স	ইংরেজি	ইংরেজি-১৩	"Voice Change
Translation & Proverbs"	ইংরেজি-১৩	"Voice Change
Translation & Proverbs"																				
Day-63	বেসিক ট এডভান্স	সাধারন জ্ঞান	সাধারন জ্ঞান-১৩	বিশ্বের শ্রেষ্ঠ, দীর্ঘতম, ক্ষুদ্রতম,উচ্চতম, গভীরতম নদ-নদী	সাধারন জ্ঞান-১৩	বিশ্বের শ্রেষ্ঠ, দীর্ঘতম, ক্ষুদ্রতম,উচ্চতম, গভীরতম নদ-নদী																				
Day-64	বেসিক ট এডভান্স	সাধারন গণিত	সাধারন গণিত-৭	ক্ষেত্রফল ও পরিমাপ	সাধারন গণিত-৭	ক্ষেত্রফল ও পরিমাপ																				
Day-65	বেসিক ট এডভান্স	বিজ্ঞান	পদার্থবিজ্ঞান-৭	স্থির তড়িৎ ও চল তড়িৎ	পদার্থবিজ্ঞান-৭	স্থির বিদ্যুৎ, চল বিদ্যুৎ																				
Day-66	বেসিক ট এডভান্স	বাংলা	বাংলা-১৪	"মানব কল্যাণ, রেইনকোট
কর্পিদাস মুমুর শেষ কাজ , জীবন বিনিময় "	বাংলা-১৪	"মানব কল্যাণ, রেইনকোট
কর্পিদাস মুমুর শেষ কাজ , জীবন বিনিময় "																				
Day-67	বেসিক ট এডভান্স	ইংরেজি	ইংরেজি-১৪	 Phrase-Clause	ইংরেজি-১৪	 Phrase-Clause																				
Day-68	বেসিক ট এডভান্স	সাধারন জ্ঞান	সাধারন জ্ঞান-১৪	ক্ষুদ্র নৃগোষ্ঠি,জাদুঘর ,স্থাপত্য, বিখ্যাত উক্তি	সাধারন জ্ঞান-১৪	ক্ষুদ্র নৃগোষ্ঠি,জাদুঘর ,স্থাপত্য, বিখ্যাত উক্তি																				
Day-69	বেসিক ট এডভান্স	বিজ্ঞান	রসায়ন-৭	পরিমানগত রসায়ন	রসায়ন-৭	রাসায়নিক বিক্রিয়া																				
Day-70	বেসিক ট এডভান্স	বিজ্ঞান	জীববিজ্ঞান-৭	উদ্ভিদ শারীরতত্ত্ব, জিনতত্ত্ব ও বিবর্তন 	জীববিজ্ঞান-৭	জীবের বংশগতি ও বিবর্তন																				
Day-71	বেসিক ট এডভান্স	বাংলা	বাংলা-১৫	"বিপরীতার্থক শব্দ, প্রতিশব্দ
প্রত্যুপকার, মানুষ মুহাম্মদ"	বাংলা-১৫	"বিপরীতার্থক শব্দ, প্রতিশব্দ
প্রত্যুপকার, মানুষ মুহাম্মদ"																				
Day-72	বেসিক ট এডভান্স	ইংরেজি	ইংরেজি-১৫	"Right Form of Verb
Idioms & Phrase"	ইংরেজি-১৫	"Right Form of Verb
Idioms & Phrase"																				
Day-73	বেসিক ট এডভান্স	সাধারন জ্ঞান	সাধারন জ্ঞান-১৫	বিজ্ঞান ও যোগাযোগ প্রযুক্তি, খেলাধুলা , Abbreviation	সাধারন জ্ঞান-১৫	বিজ্ঞান ও যোগাযোগ প্রযুক্তি, খেলাধুলা , Abbreviation																				
Day-74	বেসিক ট এডভান্স	সাধারন গণিত	সাধারন গণিত-৮	রেখা,কোন,ত্রিভুজ, পরিমিতি	সাধারন গণিত-৮	রেখা,কোন,ত্রিভুজ, পরিমিতি																				
Day-75	বেসিক ট এডভান্স	বিজ্ঞান	পদার্থবিজ্ঞান-৮	আলোকবিজ্ঞান এবং চৌম্বকবিজ্ঞান	পদার্থবিজ্ঞান-৮	আলোর প্রতিফলন-প্রতিসরণ, বিদ্যুতের চৌম্বক ক্রিয়া																				
Day-76	বেসিক ট এডভান্স	বাংলা	বাংলা-১৬	"পারিভাষিক শব্দ, প্রবাদ, অনুবাদ
আমি কোনো আগুন্তক নই"	বাংলা-১৬	"পারিভাষিক শব্দ, প্রবাদ, অনুবাদ
আমি কোনো আগুন্তক নই"																				
Day-77	বেসিক ট এডভান্স	ইংরেজি	ইংরেজি-১৬	Subject-Verb Agreement	ইংরেজি-১৬	Subject-Verb Agreement																				
Day-78	বেসিক ট এডভান্স	সাধারন জ্ঞান	সাধারন জ্ঞান-১৬	স্মরণীয় ব্যাক্তি, বাংলা সাহিত্য	সাধারন জ্ঞান-১৬	স্মরণীয় ব্যাক্তি, বাংলা সাহিত্য																				
Day-79	বেসিক ট এডভান্স	বিজ্ঞান	রসায়ন-৮	জৈব রসায়ন -১	রসায়ন-৮	মৌলের পর্যায়বৃত্ত ধর্ম ও রাসায়নিক বন্ধন 																				
Day-80	বেসিক ট এডভান্স	বিজ্ঞান	জীববিজ্ঞান-৮	"উদ্ভিদ প্রজনন, টিস্যু ও টিস্যুতন্ত্র, 
জীবের পরিবেশ বিস্তার ও সংরক্ষণ "	জীববিজ্ঞান-৮	জীবের প্রজনন ও জীবপ্রযুক্তি																				
Day-81	বেসিক ট এডভান্স	বাংলা	বাংলা-১৭	"ফ্রেবুয়ারী ১৯৬৯, আমি কিংবদন্তির কথা বলছি
একুশের গল্প, সুখ"	বাংলা-১৭	"ফ্রেবুয়ারী ১৯৬৯, আমি কিংবদন্তির কথা বলছি
একুশের গল্প, সুখ"																				
Day-82	বেসিক ট এডভান্স	ইংরেজি	ইংরেজি-১৭	"Causative & Subjunctive Verb
Affirmative-Negative Agreement"	ইংরেজি-১৭	"Causative & Subjunctive Verb
Affirmative-Negative Agreement"																				
Day-83	বেসিক ট এডভান্স	সাধারন জ্ঞান	সাধারন জ্ঞান-১৭	পুরষ্কার ও সম্মাননা 	সাধারন জ্ঞান-১৭	পুরষ্কার ও সম্মাননা 																				
Day-84	বেসিক ট এডভান্স	সাধারন গণিত	সাধারন গণিত-৯	বৃত্ত ও কণিক	সাধারন গণিত-৯	বৃত্ত ও কণিক																				
Day-85	বেসিক ট এডভান্স	বিজ্ঞান	পদার্থবিজ্ঞান-৯	আধুনিক পদার্থবিজ্ঞান এবং নিউক্লিয়ার পদার্থবিজ্ঞান	পদার্থবিজ্ঞান-৯	আধুনিক পদার্থবিজ্ঞান ও ইলেকট্রনিকস																				
Day-86	বেসিক ট এডভান্স	বাংলা	বাংলা-১৮	"এক কথায় প্রকাশ, বাগধারা
তোমাকে পাওয়ার জন্য হে স্বাধীনতা"	বাংলা-১৮	"এক কথায় প্রকাশ, বাগধারা
তোমাকে পাওয়ার জন্য হে স্বাধীনতা"																				
Day-87	বেসিক ট এডভান্স	ইংরেজি	ইংরেজি-১৮	"Sentence
 Confusing Word"	ইংরেজি-১৮	"Sentence
 Confusing Word"																				
Day-88	বেসিক ট এডভান্স	সাধারন জ্ঞান	সাধারন জ্ঞান-১৮	গুরুত্বপূর্ণ চুক্তি, গোয়েন্দা সংস্থা , প্রণালী, সীমারেখা	সাধারন জ্ঞান-১৮	গুরুত্বপূর্ণ চুক্তি, গোয়েন্দা সংস্থা , প্রণালী, সীমারেখা																				
Day-89	বেসিক ট এডভান্স	বিজ্ঞান	রসায়ন-৯	জৈব রসায়ন -২	রসায়ন-৯	আমাদের জীবনে রসায়ন																				
Day-90	বেসিক ট এডভান্স	বিজ্ঞান	জীববিজ্ঞান-৯	"মানব জীবনের ধারাবাহিকতা, 
সমন্বয় ও নিয়ন্ত্রণ, বর্জ্য ও নিষ্কাশন"	জীববিজ্ঞান-৯	রেচন প্রক্রিয়া ,সমন্বয়																				
Day-91	বেসিক ট এডভান্স	বাংলা	বাংলা-১৯	"বানান শুদ্ধিকরন
ধ্বনি ও বর্ন, আভিধানিক ক্রম "	বাংলা-১৯	"বানান শুদ্ধিকরন
ধ্বনি ও বর্ন, আভিধানিক ক্রম "																				
Day-92	বেসিক ট এডভান্স	ইংরেজি	ইংরেজি-১৯	"Transformation Of Sentence
Parallelism, Redundancy"	ইংরেজি-১৯	"Transformation Of Sentence
Parallelism, Redundancy"																				
Day-93	বেসিক ট এডভান্স	সাধারন জ্ঞান	সাধারন জ্ঞান-১৯	মানবিক গুনাবলী	সাধারন জ্ঞান-১৯	মানবিক গুনাবলী																				
Day-94	বেসিক ট এডভান্স	সাধারন গণিত	সাধারন গণিত-১০	সূচক লগ ও ত্রিকোণমিতি	সাধারন গণিত-১০	সূচক লগ ও ত্রিকোণমিতি																				
Day-95	বেসিক ট এডভান্স	বিজ্ঞান	পদার্থবিজ্ঞান-১০	সেমিকন্ডাক্টর এবং জীবনমুখী পদার্থবিজ্ঞান	পদার্থবিজ্ঞান-১০	জীবন বাঁচাতে পদার্থবিজ্ঞান																				
Day-96	বেসিক ট এডভান্স	বাংলা	বাংলা-২০	"লালসালু, সিরাজউদ্দৌলা
সুচেতনা, সেইদিন এই মাঠ "	বাংলা-২০	"লালসালু, সিরাজউদ্দৌলা
সুচেতনা, সেইদিন এই মাঠ "																				
Day-97	বেসিক ট এডভান্স	ইংরেজি	ইংরেজি-২০	"Literature
Miscellaneous"	ইংরেজি-২০	"Literature
Miscellaneous"																				
Day-98	বেসিক ট এডভান্স	সাধারন জ্ঞান	সাধারন জ্ঞান-২০	 সাম্প্রতিক বিষয়াবলি	সাধারন জ্ঞান-২০	 সাম্প্রতিক বিষয়াবলি																				
Day-99	বেসিক ট এডভান্স	বিজ্ঞান	রসায়ন-১০	তড়িৎ রসায়ন 	রসায়ন-১০	এসিড ক্ষারক সমতা																				
Day-100	বেসিক ট এডভান্স	বিজ্ঞান	জীববিজ্ঞান-১০	"কোষ রসায়ন, প্রাণীর আচরণ, 
মানব দেহের প্রতিরক্ষা"	জীববিজ্ঞান-১০	জীবের পরিবেশ																				
Day-101	ফাইনাল রিভিশন	বাংলা, সাধারণ গণিত, বিজ্ঞান	সকল	"বাংলা-১
সাধারন গণিত-১, পদার্থবিজ্ঞান-১"	সকল	"বাংলা-১
সাধারন গণিত-১, সাধারন বিজ্ঞান-১"																				
Day-102	ফাইনাল রিভিশন	বাংলা, ইংরেজি, সাধারন জ্ঞান, বিজ্ঞান	সকল	"বাংলা-২, ইংরেজি-১, সাধারন জ্ঞান-১
রসায়ন-১"	সকল	"বাংলা-২, ইংরেজি-১, সাধারন জ্ঞান-১
সাধারন বিজ্ঞান-২"																				
Day-103	ফাইনাল রিভিশন	ইংরেজি, সাধারন জ্ঞান, বিজ্ঞান	সকল	"ইংরেজি-২, সাধারন জ্ঞান-২
জীববিজ্ঞান-১"	সকল	"ইংরেজি-২, সাধারন জ্ঞান-২
সাধারন বিজ্ঞান-৩"																				
Day-104	ফাইনাল রিভিশন	বাংলা, সাধারণ গণিত, বিজ্ঞান	সকল	"বাংলা-৩
সাধারন গণিত-২, পদার্থবিজ্ঞান-২"	সকল	"বাংলা-৩
সাধারন গণিত-২, সাধারন বিজ্ঞান-৪"																				
Day-105	ফাইনাল রিভিশন	বাংলা, ইংরেজি, সাধারন জ্ঞান, বিজ্ঞান	সকল	"বাংলা-৪, ইংরেজি-৩, সাধারন জ্ঞান-৩
রসায়ন-২"	সকল	"বাংলা-৪, ইংরেজি-৩, সাধারন জ্ঞান-৩
সাধারন বিজ্ঞান-৫"																				
Day-106	ফাইনাল রিভিশন	ইংরেজি, সাধারন জ্ঞান, বিজ্ঞান	সকল	"ইংরেজি-৪, সাধারন জ্ঞান-৪
জীববিজ্ঞান-২"	সকল	"ইংরেজি-৪, সাধারন জ্ঞান-৪
সাধারন বিজ্ঞান-৬"																				
Day-107	ফাইনাল রিভিশন	বাংলা, সাধারণ গণিত, বিজ্ঞান	সকল	"বাংলা-৫
সাধারন গণিত-৩, পদার্থবিজ্ঞান-৩"	সকল	"বাংলা-৫
সাধারন গণিত-৩, সাধারন বিজ্ঞান-৭"																				
Day-108	ফাইনাল রিভিশন	বাংলা, ইংরেজি, সাধারন জ্ঞান, বিজ্ঞান	সকল	"বাংলা-৬, ইংরেজি-৫, সাধারন জ্ঞান-৫
রসায়ন-৩"	সকল	"বাংলা-৬, ইংরেজি-৫, সাধারন জ্ঞান-৫
সাধারন বিজ্ঞান-৮"																				
Day-109	ফাইনাল রিভিশন	ইংরেজি, সাধারন জ্ঞান, বিজ্ঞান	সকল	"ইংরেজি-৬, সাধারন জ্ঞান-৬
জীববিজ্ঞান-৩"	সকল	"ইংরেজি-৬, সাধারন জ্ঞান-৬
সাধারন বিজ্ঞান-৯"																				
Day-110	ফাইনাল রিভিশন	বাংলা, সাধারণ গণিত, বিজ্ঞান	সকল	"বাংলা-৭
সাধারন গণিত-৪, পদার্থবিজ্ঞান-৪"	সকল	"বাংলা-৭
সাধারন গণিত-৪, সাধারন বিজ্ঞান-১০"																				
Day-111	ফাইনাল রিভিশন	বাংলা, ইংরেজি, সাধারন জ্ঞান, বিজ্ঞান	সকল	"বাংলা-৮, ইংরেজি-৭, সাধারন জ্ঞান-৭
রসায়ন-৪"	সকল	"বাংলা-৮, ইংরেজি-৭, সাধারন জ্ঞান-৭
সাধারন বিজ্ঞান-১১"																				
Day-112	ফাইনাল রিভিশন	ইংরেজি, সাধারন জ্ঞান, বিজ্ঞান	সকল	"ইংরেজি-৮, সাধারন জ্ঞান-৮
জীববিজ্ঞান-৪"	সকল	"ইংরেজি-৮, সাধারন জ্ঞান-৮
সাধারন বিজ্ঞান-১২"																				
Day-113	ফাইনাল রিভিশন	বাংলা, সাধারণ গণিত, বিজ্ঞান	সকল	"বাংলা-৯
সাধারন গণিত-৫, পদার্থবিজ্ঞান-৫"	সকল	"বাংলা-৯
সাধারন গণিত-৫, সাধারন বিজ্ঞান-১৩"																				
Day-114	ফাইনাল রিভিশন	বাংলা, ইংরেজি, সাধারন জ্ঞান, বিজ্ঞান	সকল	"বাংলা-১০, ইংরেজি-৯, সাধারন জ্ঞান-৯
রসায়ন-৫"	সকল	"বাংলা-১০, ইংরেজি-৯, সাধারন জ্ঞান-৯
সাধারন বিজ্ঞান-১৪"																				
Day-115	ফাইনাল রিভিশন	ইংরেজি, সাধারন জ্ঞান, বিজ্ঞান	সকল	"ইংরেজি-১০, সাধারন জ্ঞান-১০
জীববিজ্ঞান-৫"	সকল	"ইংরেজি-১০, সাধারন জ্ঞান-১০
সাধারন বিজ্ঞান-১৫"																				
Day-116	ফাইনাল রিভিশন	বাংলা, সাধারণ গণিত, বিজ্ঞান	সকল	"বাংলা-১১
সাধারন গণিত-৬, পদার্থবিজ্ঞান-৬"	সকল	"বাংলা-১১
সাধারন গণিত-৬, সাধারন বিজ্ঞান-১৬"																				
Day-117	ফাইনাল রিভিশন	বাংলা, ইংরেজি, সাধারন জ্ঞান, বিজ্ঞান	সকল	"বাংলা-১২, ইংরেজি-১১, সাধারন জ্ঞান-১১
রসায়ন-৬"	সকল	"বাংলা-১২, ইংরেজি-১১, সাধারন জ্ঞান-১১
সাধারন বিজ্ঞান-১৭"																				
Day-118	ফাইনাল রিভিশন	ইংরেজি, সাধারন জ্ঞান, বিজ্ঞান	সকল	"ইংরেজি-১২, সাধারন জ্ঞান-১২
জীববিজ্ঞান-৬"	সকল	"ইংরেজি-১২, সাধারন জ্ঞান-১২
সাধারন বিজ্ঞান-১৮"																				
Day-119	ফাইনাল রিভিশন	বাংলা, সাধারণ গণিত, বিজ্ঞান	সকল	"বাংলা-১৩
সাধারন গণিত-৭, পদার্থবিজ্ঞান-৭"	সকল	"বাংলা-১৩
সাধারন গণিত-৭, সাধারন বিজ্ঞান-১৯"																				
Day-120	ফাইনাল রিভিশন	বাংলা, ইংরেজি, সাধারন জ্ঞান, বিজ্ঞান	সকল	"বাংলা-১৪, ইংরেজি-১৩, সাধারন জ্ঞান-১৩
রসায়ন-৭"	সকল	"বাংলা-১৪, ইংরেজি-১৩, সাধারন জ্ঞান-১৩
সাধারন বিজ্ঞান-২০"																				
Day-121	ফাইনাল রিভিশন	ইংরেজি, সাধারন জ্ঞান, বিজ্ঞান	সকল	"ইংরেজি-১৪, সাধারন জ্ঞান-১৪
জীববিজ্ঞান-৭"	সকল	"ইংরেজি-১৪, সাধারন জ্ঞান-১৪
সাধারন বিজ্ঞান-২১"																				
Day-122	ফাইনাল রিভিশন	বাংলা, সাধারণ গণিত, বিজ্ঞান	সকল	"বাংলা-১৫
সাধারন গণিত-৮, পদার্থবিজ্ঞান-৮"	সকল	"বাংলা-১৫
সাধারন গণিত-৮, সাধারন বিজ্ঞান-২২"																				
Day-123	ফাইনাল রিভিশন	বাংলা, ইংরেজি, সাধারন জ্ঞান, বিজ্ঞান	সকল	"বাংলা-১৬, ইংরেজি-১৫, সাধারন জ্ঞান-১৫
রসায়ন-৮"	সকল	"বাংলা-১৬, ইংরেজি-১৫, সাধারন জ্ঞান-১৫
সাধারন বিজ্ঞান-২৩"																				
Day-124	ফাইনাল রিভিশন	ইংরেজি, সাধারন জ্ঞান, বিজ্ঞান	সকল	"ইংরেজি-১৬, সাধারন জ্ঞান-১৬
জীববিজ্ঞান-৮"	সকল	"ইংরেজি-১৬, সাধারন জ্ঞান-১৬
সাধারন বিজ্ঞান-২৪"																				
Day-125	ফাইনাল রিভিশন	বাংলা, সাধারণ গণিত, বিজ্ঞান	সকল	"বাংলা-১৭
সাধারন গণিত-৯, পদার্থবিজ্ঞান-৯"	সকল	"বাংলা-১৭
সাধারন গণিত-৯, সাধারন বিজ্ঞান-২৫"																				
Day-126	ফাইনাল রিভিশন	বাংলা, ইংরেজি, সাধারন জ্ঞান, বিজ্ঞান	সকল	"বাংলা-১৮, ইংরেজি-১৭, সাধারন জ্ঞান-১৭
রসায়ন-৯"	সকল	"বাংলা-১৮, ইংরেজি-১৭, সাধারন জ্ঞান-১৭
সাধারন বিজ্ঞান-২৬"																				
Day-127	ফাইনাল রিভিশন	ইংরেজি, সাধারন জ্ঞান, বিজ্ঞান	সকল	"ইংরেজি-১৮, সাধারন জ্ঞান-১৮
জীববিজ্ঞান-৯"	সকল	"ইংরেজি-১৮, সাধারন জ্ঞান-১৮
সাধারন বিজ্ঞান-২৭"																				
Day-128	ফাইনাল রিভিশন	বাংলা, সাধারণ গণিত, বিজ্ঞান	সকল	"বাংলা-১৯
সাধারন গণিত-১০, পদার্থবিজ্ঞান-১০"	সকল	"বাংলা-১৯
সাধারন গণিত-১০, সাধারন বিজ্ঞান-২৮"																				
Day-129	ফাইনাল রিভিশন	বাংলা, ইংরেজি, সাধারন জ্ঞান, বিজ্ঞান	সকল	"বাংলা-২০, ইংরেজি-১৯, সাধারন জ্ঞান-১৯
রসায়ন-১০"	সকল	"বাংলা-২০, ইংরেজি-১৯, সাধারন জ্ঞান-১৯
সাধারন বিজ্ঞান-২৯"																				
Day-130	ফাইনাল রিভিশন	ইংরেজি, সাধারন জ্ঞান, বিজ্ঞান	সকল	"ইংরেজি-২০, সাধারন জ্ঞান-২০
জীববিজ্ঞান-১০"	সকল	"ইংরেজি-২০, সাধারন জ্ঞান-২০
সাধারন বিজ্ঞান-৩০"																				
Day-131	কুইক রিভিশন	বাংলা	সকল	বাংলা - সাহিত্য	সকল	বাংলা - সাহিত্য																				
Day-132	কুইক রিভিশন	বাংলা	সকল	বাংলা - ব্যাকরণ	সকল	বাংলা - ব্যাকরণ																				
Day-133	কুইক রিভিশন	ইংরেজি	সকল	ইংরেজি - গ্রামার	সকল	ইংরেজি - গ্রামার																				
Day-134	কুইক রিভিশন	ইংরেজি	সকল	ইংরেজি - ভোকাবুলারি	সকল	ইংরেজি - ভোকাবুলারি																				
Day-135	কুইক রিভিশন	সাধারন জ্ঞান	সকল	সাধারন জ্ঞান - বাংলাদেশ	সকল	সাধারন জ্ঞান - বাংলাদেশ																				
Day-136	কুইক রিভিশন	সাধারন জ্ঞান	সকল	সাধারন জ্ঞান - আন্তর্জাতিক	সকল	সাধারন জ্ঞান - আন্তর্জাতিক																				
Day-137	কুইক রিভিশন	সাধারণ গণিত	সকল	সাধারণ গণিত	সকল	সাধারণ গণিত																				
Day-138	কুইক রিভিশন	বিজ্ঞান	সকল	পদার্থবিজ্ঞান	সকল	সাধারণ বিজ্ঞান (পদার্থ)																				
Day-139	কুইক রিভিশন	বিজ্ঞান	সকল	রসায়ন	সকল	সাধারণ বিজ্ঞান (রসায়ন)																				
Day-140	কুইক রিভিশন	বিজ্ঞান	সকল	জীববিজ্ঞান	সকল	সাধারণ বিজ্ঞান (জীব)																				
Day-141	মডেল টেস্ট	সকল	সকল	ফাইনাল মডেল টেস্ট-০১	সকল	ফাইনাল মডেল টেস্ট-০১																				
Day-142	মডেল টেস্ট	সকল	সকল	ফাইনাল মডেল টেস্ট-০২	সকল	ফাইনাল মডেল টেস্ট-০২																				
Day-143	মডেল টেস্ট	সকল	সকল	ফাইনাল মডেল টেস্ট-০৩	সকল	ফাইনাল মডেল টেস্ট-০৩																				
Day-144	মডেল টেস্ট	সকল	সকল	ফাইনাল মডেল টেস্ট-০৪	সকল	ফাইনাল মডেল টেস্ট-০৪																				
Day-145	মডেল টেস্ট	সকল	সকল	ফাইনাল মডেল টেস্ট-০৫	সকল	ফাইনাল মডেল টেস্ট-০৫																				
Day-146	মডেল টেস্ট	সকল	সকল	ফাইনাল মডেল টেস্ট-০৬	সকল	ফাইনাল মডেল টেস্ট-০৬																				
Day-147	মডেল টেস্ট	সকল	সকল	ফাইনাল মডেল টেস্ট-০৭	সকল	ফাইনাল মডেল টেস্ট-০৭																				
Day-148	মডেল টেস্ট	সকল	সকল	ফাইনাল মডেল টেস্ট-০৮	সকল	ফাইনাল মডেল টেস্ট-০৮																				
Day-149	মডেল টেস্ট	সকল	সকল	ফাইনাল মডেল টেস্ট-০৯	সকল	ফাইনাল মডেল টেস্ট-০৯																				
Day-150	মডেল টেস্ট	সকল	সকল	ফাইনাল মডেল টেস্ট-১০	সকল	ফাইনাল মডেল টেস্ট-১০																				
																										
																										
																										
																										
																										
																										
																										
																										
																										
																										
																										
																										
																										
																										
																										
																										
																										
																										
																										
																										
																										
																										
																										
																										
																										
																										
																										
																										
																										
																										
																										
																										
																										
																										
																										
																										
																										
																										
																										
																										
																										
																										
																										
																										
																										
																										
																										
																										
																										
																										
																										
																										
																										
																										
																										
																										
																										
																										
																										
																										
																										
																										
																										
																										
																										
																										
																										
																										
																										
																										
																										
																										
																										
																										
																										
																										
																										
																										
																										
																										
																										
																										
																										
																										
																										
																										
																										
																										
																										
																										
																										
																										
																										
																										
																										
																										
																										
																										
																										
																										
																										
																										
																										
																										
																										
																										
																										
																										
																										
																										
																										
																										
																										
																										
																										
																										
																										
																										
																										
																										
																										
																										
																										
																										
																										
																										
																										
																										
																										
																										
																										
																										
																										
																										
																										
																										
																										
																										
																										
																										
																										
																										
																										
																										
																										
																										
																										
																										
																										
																										
																										
																										
																										
																										
																										
																										
																										
																										
																										
																										
																										
																										
																										
																										
																										
																										
																										
																										
																										
																										
																										
																										
																										
																										
																										
																										
																										
																										
																										
																										
																										
																										
																										
																										
																										
																										
																										
																										
																										
																										
																										
																										
																										
																										
																										
																										
																										
																										
																										
																										
																										
																										
																										
																										
																										
																										
																										
																										
																										
																										
																										
																										
																										
																										
																										
																										
																										
																										
																										
																										
																										
																										
																										
																										
																										
																										
																										
																										
																										
																										
																										
																										
																										
																										
																										
																										
																										
																										
																										
																										
																										
																										
																										
																										
																										
																										
																										
																										
																										
																										
																										
																										
																										
																										
																										
																										
																										
																										
																										
																										
																										
																										
																										
																										
																										
																										
																										
																										
																										
																										
																										
																										
																										
																										
																										
																										
																										
																										
																										
																										
																										
																										
																										
																										
																										
																										
																										
																										
																										
																										
																										
																										
																										
																										
																										
																										
																										
																										
																										
																										
																										
																										
																										
																										
																										
																										
																										
																										
																										
																										
																										
																										
																										
																										
																										
																										
																										
																										
																										
																										
																										
																										
																										
																										
																										
																										
																										
																										
																										
																										
																										
																										
																										
																										
																										
																										
																										
																										
																										
																										
																										
																										
																										
																										
																										
																										
																										
																										
																										
																										
																										
																										
																										
																										
																										
																										
																										
																										
																										
																										
																										
																										
																										
																										
																										
																										
																										
																										
																										
																										
																										
																										
																										
																										
																										
																										
																										
																										
																										
																										
																										
																										
																										
																										
																										
																										
																										
																										
																										
																										
																										
																										
																										
																										
																										
																										
																										
																										
																										
																										
																										
																										
																										
																										
																										
																										
																										
																										
																										
																										
																										
																										
																										
																										
																										
																										
																										
																										
																										
																										
																										
																										
																										
																										
																										
																										
																										
																										
																										
																										
																										
																										
																										
																										
																										
																										
																										
																										
																										
																										
																										
																										
																										
																										
																										
																										
																										
																										
																										
																										
																										
																										
																										
																										
																										
																										
																										
																										
																										
																										
																										
																										
																										
																										
																										
																										
																										
																										
																										
																										
																										
																										
																										
																										
																										
																										
																										
																										
																										
																										
																										
																										
																										
																										
																										
																										
																										
																										
																										
																										
																										
																										
																										
																										
																										
																										
																										
																										
																										
																										
																										
																										
																										
																										
																										
																										
																										
																										
																										
																										
																										
																										
																										
																										
																										
																										
																										
																										
																										
																										
																										
																										
																										
																										
																										
																										
																										
																										
																										
																										
																										
																										
																										
																										
																										
																										
																										
																										
																										
																										
																										
																										
																										
																										
																										
																										
																										
																										
																										
																										
																										
																										
																										
																										
																										
																										
																										
																										
																										
																										
																										
																										
																										
																										
																										
																										
																										
																										
																										
																										
																										
																										
																										
																										
																										
																										
																										
																										
																										
																										
																										
																										
																										
																										
																										
																										
																										
																										
																										
																										
																										
																										
																										
																										
																										
																										
																										
																										
																										
																										
																										
																										
																										
																										
																										
																										
																										
																										
																										
																										
																										
																										
																										
																										
																										
																										
																										
																										
																										
																										
																										
																										
																										
																										
																										
																										
																										
																										
																										
																										
																										
																										
																										
																										
																										
																										
																										
																										
																										
																										
																										
																										
																										
																										
																										
																										
																										
																										
																										
																										
																										
																										
																										
																										
																										
																										
																										
																										
																										
																										
																										
																										
																										
																										
																										
																										
																										
																										
																										
																										
																										
																										
																										
																										
																										
																										
																										
																										
																										
																										
																										
																										
																										
																										
																										
																										
																										
																										
																										
																										
																										
																										
																										
																										
																										
																										
																										
																										
																										
																										
																										
																										
																										
																										
																										
																										
																										
																										
																										
																										
																										
																										
																										
																										
																										
																										
																										
																										
																										
																										
																										
																										
																										
																										
																										
																										
																										
																										
																										
																										
																										
																										
																										
																										
																										
																										
																										
																										
																										
																										
																										
																										
																										
																										
																										
																										
																										
																										
																										
																										
																										
																										
																										
																										
																										
																										
																										
																										
																										
																										
																										
																										
																										
																										
																										
																										
																										
																										
																										
																										
																										
																										
																										
																										
																										
																										
																										
																										
																										
																										
																										
																										
																										
																										
																										
																										
																										
																										
																										
																										
																										
																										
																										
																										
																										
																										
																										
																										
																										
																										
																										
																										
																										
																										
																										
																										
																										
																										
																										
																										
																										
																										
																										
																										
																										
																										
																										
																										
																										
																										
																										
																										
																										
																										
																										
																										
																										
																										
																										
																										
																										
																										
																										
																										
																										
																										
																										
																										
																										
																										
																										
																										
																										
																										
																										
																										
																										
																										
																										
																										
																										
																										
																										
																										
																										
																										
																										
																										
																										
																										
																										
																										
																										
																										
																										
																										
																										
																										
																										
																										
																										
																										
																										
																										
																										
																										
																										
																										
																										
																										
																										
																										
																										
																										
																										
																										
																										
																										
																										
																										
																										
																										
																										
																										
																										
																										
																										
																										
																										
																										
																										
																										
																										
																										
																										
																										
																										
																										
																										
																										
																										
																										
																										
																										
																										
																										
																										
																										
																										
																										
																										
																										
																										
																										
																										
																										
																										
																										
																										
																										
																										
																										
																										
																										
																										
																										
																										
																										
																										
																										
																										
																										
																										
																										
																										
																										
																										
																										
																										
																										
																										
																										
																										
																										
																										
																										
																										
																										
																										

